{
  "main": {
    "id": "545241e6968297e6",
    "type": "split",
    "children": [
      {
        "id": "faf5fd86c83b4bce",
        "type": "split",
        "children": [
          {
            "id": "e8e525020f8af1d2",
            "type": "tabs",
            "children": [
              {
                "id": "cea558aae730c753",
                "type": "leaf",
                "state": {
                  "type": "markdown",
                  "state": {
                    "file": "20250418.md",
                    "mode": "source",
                    "source": false
                  },
                  "icon": "lucide-file",
                  "title": "20250418"
                }
              }
            ]
          },
          {
            "id": "caead1dd3f33338e",
            "type": "tabs",
            "children": [
              {
                "id": "f6247d3fc7b85adc",
                "type": "leaf",
                "state": {
                  "type": "markdown",
                  "state": {
                    "file": "차세대 KOS App 베타 테스트 배포 이슈.md",
                    "mode": "source",
                    "source": false
                  },
                  "icon": "lucide-file",
                  "title": "차세대 KOS App 베타 테스트 배포 이슈"
                }
              }
            ]
          }
        ],
        "direction": "horizontal"
      }
    ],
    "direction": "vertical"
  },
  "left": {
    "id": "8d840c67474e5548",
    "type": "split",
    "children": [
      {
        "id": "8690fc5c80f09cc8",
        "type": "tabs",
        "children": [
          {
            "id": "3c0733e655af7d8a",
            "type": "leaf",
            "state": {
              "type": "file-explorer",
              "state": {
                "sortOrder": "alphabetical",
                "autoReveal": false
              },
              "icon": "lucide-folder-closed",
              "title": "파일 탐색기"
            }
          },
          {
            "id": "89247f27c325a9c4",
            "type": "leaf",
            "state": {
              "type": "search",
              "state": {
                "query": "",
                "matchingCase": false,
                "explainSearch": false,
                "collapseAll": false,
                "extraContext": false,
                "sortOrder": "alphabetical"
              },
              "icon": "lucide-search",
              "title": "검색"
            }
          },
          {
            "id": "c5e2e636ca9a2af5",
            "type": "leaf",
            "state": {
              "type": "bookmarks",
              "state": {},
              "icon": "lucide-bookmark",
              "title": "Bookmarks"
            }
          }
        ],
        "currentTab": 1
      }
    ],
    "direction": "horizontal",
    "width": 300,
    "collapsed": true
  },
  "right": {
    "id": "8fba69dae2753eae",
    "type": "split",
    "children": [
      {
        "id": "7768c35a498a6942",
        "type": "tabs",
        "children": [
          {
            "id": "fee3150caa6ff4e7",
            "type": "leaf",
            "state": {
              "type": "backlink",
              "state": {
                "file": "20250124.md",
                "collapseAll": false,
                "extraContext": false,
                "sortOrder": "alphabetical",
                "showSearch": false,
                "searchQuery": "",
                "backlinkCollapsed": false,
                "unlinkedCollapsed": true
              },
              "icon": "links-coming-in",
              "title": "20250124의 백링크"
            }
          },
          {
            "id": "6cb77324c0e89cae",
            "type": "leaf",
            "state": {
              "type": "outgoing-link",
              "state": {
                "linksCollapsed": false,
                "unlinkedCollapsed": true
              },
              "icon": "links-going-out",
              "title": "나가는 링크"
            }
          },
          {
            "id": "80a60a5df1aa9180",
            "type": "leaf",
            "state": {
              "type": "tag",
              "state": {
                "sortOrder": "frequency",
                "useHierarchy": true
              },
              "icon": "lucide-tags",
              "title": "Tags"
            }
          },
          {
            "id": "daafad8112c548df",
            "type": "leaf",
            "state": {
              "type": "outline",
              "state": {},
              "icon": "lucide-list",
              "title": "개요"
            }
          }
        ]
      }
    ],
    "direction": "horizontal",
    "width": 200,
    "collapsed": true
  },
  "left-ribbon": {
    "hiddenItems": {
      "switcher:빠른 전환기 열기": false,
      "daily-notes:오늘의 일일 노트 열기": false,
      "graph:그래프 뷰 열기": false,
      "canvas:새 캔버스 만들기": false,
      "templates:템플릿 삽입": false,
      "command-palette:명령어 팔레트 열기": false
    }
  },
  "active": "cea558aae730c753",
  "lastOpenFiles": [
    "차세대 KOS App 베타 테스트 배포 이슈.md",
    "20250418.md",
    "Next.js 프로젝트 구축.md",
    "무제 24.md",
    "전자등기 관리 시스템 프로젝트 회고 (4L ver.).md",
    "20250417.md",
    "전자등기 관리 시스템 프로젝트 회고 (4L ver.) 2.md",
    "전자등기 관리 시스템 프로젝트 회고 (4L ver.) 1.md",
    "전자등기 시스템 킥오프 회의.md",
    "전자등기 관리 시스템 프로젝트 회고 1.md",
    "20250417 1.md",
    "how to.md",
    "20250415 - 20250416.md",
    "20250416.md",
    "wo.md",
    "wo (wakefield online).md",
    "20250414 - 20250415.md",
    "Wakefield Online.md",
    "20250414 1.md",
    "20250411.md",
    "20250409-20250410.md",
    "20250407.md",
    "20250403-20250404.md",
    "a400.md",
    "20250331.md",
    "20250327-20250328.md",
    ".md"
  ]
}